time_s,commanded_vx_mps,commanded_vy_mps,measured_vx_mps,measured_vy_mps
0.000000000,0.000000000,0.000000000,0.000000000,0.000000000
0.021823000,0.500000000,0.000000000,0.000000000,0.000000000
0.032414000,0.502711250,0.000000000,0.000000000,0.000000000
0.054282000,0.508182000,0.000000000,0.000000000,0.000000000
0.077200000,0.513911250,-0.000000166,0.324309726,0.000248742
0.101483000,0.519982500,-0.000000739,0.482158874,0.000369811
0.124802000,0.525810750,-0.000001602,0.515061038,0.000395047
0.145440000,0.530970000,-0.000002292,0.522128911,0.000400468
0.165912000,0.536089000,-0.000003070,0.528221904,0.000405141
0.187559000,0.541499000,-0.000003867,0.534314897,0.000409814
0.209990000,0.547106750,-0.000004824,0.538620613,0.000413117
0.230858000,0.552312500,-0.000005689,0.544469886,0.000417603
0.251475000,0.557475750,-0.000006740,0.550806599,0.000422463
0.276098000,0.563630250,-0.000007633,0.555843474,0.000426327
0.298775000,0.569298500,-0.000008768,0.561124068,0.000430377
0.322350000,0.575191250,-0.000009714,0.567135822,0.000434988
0.347339000,0.581437000,-0.000011151,0.574122454,0.000440346
0.371086000,0.587375250,-0.000012189,0.578996849,0.000444085
0.395973000,0.593604500,-0.000013720,0.586145961,0.000449568
0.418460000,0.599223750,-0.000014519,0.590370436,0.000452809
0.440489000,0.604726500,-0.000015918,0.596463430,0.000457482
0.465237000,0.610913750,-0.000017340,0.602800143,0.000462342
0.489712000,0.617032500,-0.000018798,0.608771276,0.000466922
0.512396000,0.622706000,-0.000020248,0.614986129,0.000471689
0.536034000,0.628612250,-0.000021845,0.621079123,0.000476362
0.558005000,0.634105500,-0.000023140,0.626765917,0.000480724
0.578540000,0.639235250,-0.000024455,0.632452710,0.000485085
0.601991000,0.645100999,-0.000026123,0.637733305,0.000489135
0.622355000,0.650193249,-0.000027514,0.643176379,0.000493310
0.642915000,0.655330999,-0.000028951,0.648863172,0.000497672
0.667369000,0.661447499,-0.000030589,0.653737567,0.000501411
0.690523000,0.667234749,-0.000032263,0.659424361,0.000505772
0.711948000,0.672588499,-0.000034165,0.665761074,0.000510632
0.732921000,0.677836499,-0.000035758,0.669985549,0.000513873
0.757817000,0.684061499,-0.000037772,0.676322262,0.000518733
0.779992000,0.689606499,-0.000039416,0.680952937,0.000522284
0.802852000,0.695323749,-0.000041114,0.686883451,0.000526833
0.827713000,0.701541499,-0.000043731,0.694195043,0.000532441
0.852451000,0.707724999,-0.000045923,0.699638117,0.000536616
0.877378000,0.713957498,-0.000048198,0.705974830,0.000541476
0.901720000,0.720042748,-0.000050210,0.712230303,0.000546274
0.924752000,0.725800498,-0.000052598,0.718567016,0.000551134
0.949758000,0.732050998,-0.000055063,0.724010090,0.000555309
0.974633000,0.738268748,-0.000057624,0.730346804,0.000560169
0.994687000,0.743281498,-0.000059690,0.735627398,0.000564219
1.015131000,0.748392997,-0.000061812,0.740664272,0.000568082
1.039840000,0.754567247,-0.000064557,0.747000985,0.000572943
1.060602000,0.759757497,-0.000066775,0.751875380,0.000576681
1.084339000,0.765694997,-0.000069566,0.758130853,0.000581479
1.105642000,0.771018497,-0.000071996,0.763411448,0.000585529
1.129849000,0.777071246,-0.000074953,0.769504441,0.000590203
1.150518000,0.782235496,-0.000077367,0.774378836,0.000593941
1.175535000,0.788481746,-0.000081004,0.781284228,0.000599238
1.198093000,0.794127246,-0.000083590,0.786564822,0.000603288
1.223111000,0.800388246,-0.000084249,0.786564822,0.000603288
1.244858000,0.805821496,-0.000084821,0.786564822,0.000603288
1.264965000,0.810847496,-0.000085350,0.786564822,0.000603288
1.286813000,0.816309994,-0.000095011,0.788839540,0.000605032
1.306886000,0.821329994,-0.000095596,0.788839540,0.000605032
1.329919000,0.827088744,-0.000096266,0.788839540,0.000605032
1.351811000,0.832560494,-0.000096903,0.788839540,0.000605032
1.375524000,0.838489244,-0.000097593,0.788839540,0.000605032
1.395996000,0.843607244,-0.000098189,0.788839540,0.000605032
1.417351000,0.848948994,-0.000098810,0.788839540,0.000605032
1.437884000,0.854076244,-0.000099407,0.788839540,0.000605032
1.459338000,0.859440992,-0.000116283,0.243882214,0.000187055
1.480884000,0.864826992,-0.000118359,0.642607699,0.000492874
1.504952000,0.870841491,-0.000122301,0.842864045,0.000691724
1.526467000,0.876221491,-0.000125937,0.865367504,0.000705212
1.549018000,0.881863740,-0.000130288,0.874141414,0.000712362
1.569858000,0.887071490,-0.000134096,0.879422008,0.000716665
1.590308000,0.892179739,-0.000137923,0.885108801,0.000721299
1.615284000,0.898418239,-0.000142649,0.890795595,0.000725934
1.638128000,0.904130238,-0.000147638,0.897051068,0.000731032
1.659731000,0.909540237,-0.000151621,0.902737861,0.000735666
1.684104000,0.915624737,-0.000154147,0.908262175,0.000740168
1.705907000,0.921082986,-0.000161242,0.913299049,0.000744272
1.729059000,0.926866485,-0.000166557,0.919798242,0.000749569
1.752013000,0.932601484,-0.000172022,0.925322556,0.000754071
1.774363000,0.938195233,-0.000176659,0.930196950,0.000758043
1.794982000,0.943348983,-0.000181264,0.936046224,0.000762810
1.816858000,0.948811232,-0.000187033,0.941976737,0.000767643
1.838601000,0.954252981,-0.000191919,0.947663531,0.000772277
1.863602000,0.960503480,-0.000198100,0.953309666,0.000822575
1.885248000,0.965919979,-0.000203455,0.958732430,0.000827359
1.908249000,0.971664727,-0.000210011,0.964764493,0.000832455
1.933292000,0.977925976,-0.000216871,0.970227876,0.000837222
1.955148000,0.983390475,-0.000222511,0.976097459,0.000842240
1.977898000,0.989076723,-0.000229504,0.981946733,0.000847287
1.999077000,0.994374972,-0.000235368,0.986821127,0.000851493
2.020005000,0.999586221,-0.000241298,0.992345440,0.000856260
2.041590000,1.005002470,-0.000247324,0.998032234,0.000861166
2.064934000,1.010828218,-0.000254996,1.003881507,0.000866214
2.086900000,1.016329966,-0.000261504,1.008593421,0.000870279
2.111617000,1.022503964,-0.000270756,1.013061616,0.000874135
2.136074000,1.028620213,-0.000277660,1.020941887,0.000880934
2.160273000,1.034663210,-0.000286028,1.026222481,0.000885491
2.180434000,1.039712708,-0.000294304,1.032965393,0.000891309
2.201868000,1.045068207,-0.000301458,1.038652186,0.000896216
2.224631000,1.050761955,-0.000308843,1.043689060,0.000900562
2.245157000,1.055896203,-0.000316246,1.048563455,0.000904768
2.268657000,1.061764950,-0.000325440,1.054900167,0.000910236
2.293432000,1.067964697,-0.000334913,1.060343241,0.000914932
2.317490000,1.073977945,-0.000344720,1.066436234,0.000920190
2.338107000,1.079131692,-0.000352801,1.072529227,0.000925447
2.358786000,1.084304190,-0.000361052,1.078012920,0.000930023
2.383048000,1.090366687,-0.000369690,1.082684215,0.000934210
2.405506000,1.095982934,-0.000380191,1.089386507,0.000939873
2.430405000,1.102203681,-0.000390733,1.094707721,0.000944727
2.450936000,1.107343428,-0.000400003,1.099988268,0.001001916
2.475898000,1.113582923,-0.000413667,1.106649940,0.001007938
2.501004000,1.119835670,-0.000423553,1.112336733,0.001013118
2.523448000,1.125466666,-0.000435874,1.118673445,0.001018889
2.548334000,1.131688161,-0.000448462,1.124116519,0.001023847
2.569216000,1.136903157,-0.000458853,1.129397112,0.001028656
2.592376000,1.142695153,-0.000472017,1.136140024,0.001034858
2.614133000,1.148128898,-0.000482881,1.140608219,0.001038867
2.638161000,1.154142643,-0.000496586,1.147188651,0.001044861
2.663193000,1.160397138,-0.000510850,1.152956684,0.001050114
2.688239000,1.166659633,-0.000522730,1.157831078,0.001054554
2.711444000,1.172463377,-0.000537629,1.165792588,0.001061805
2.735277000,1.178422621,-0.000552215,1.170423262,0.001066023
2.763300000,1.185430114,-0.000567498,1.176556875,0.001071765
2.785686000,1.191027607,-0.000584159,1.184071566,0.001078454
2.808109000,1.196633849,-0.000600269,1.190164559,0.001084003
2.828554000,1.201743593,-0.000613747,1.194795233,0.001088221
2.850185000,1.207148837,-0.000627687,1.199913347,0.001092883
2.874752000,1.213288828,-0.000645121,1.206006339,0.001098432
2.895999000,1.218585570,-0.000662157,1.212099332,0.001103982
2.919753000,1.224543563,-0.000677472,1.217379926,0.001108791
2.940760000,1.229794805,-0.000693094,1.222660519,0.001113601
2.961702000,1.235028047,-0.000708196,1.227534913,0.001118040
2.985204000,1.240906037,-0.000727490,1.233790386,0.001123738
3.009483000,1.246973276,-0.000747922,1.239883378,0.001129287
3.032112000,1.252631767,-0.000764700,1.245976371,0.001134837
3.055029000,1.258364254,-0.000786125,1.250688285,0.001139129
3.080026000,1.264608742,-0.000807800,1.257349957,0.001145196
3.103071000,1.270368231,-0.000825996,1.262630551,0.001150006
3.126592000,1.276251218,-0.000848880,1.269373463,0.001156147
3.150067000,1.282115703,-0.000872191,1.275060256,0.001161327
3.174061000,1.280947678,-0.000891164,1.280909529,0.001166654
3.198522000,1.274806449,-0.000906671,1.281721928,0.001167394
3.223429000,1.268364571,-0.000923040,1.276441334,0.001162584
3.244263000,1.263285511,-0.000936046,1.270592061,0.001157257
3.268586000,1.257067115,-0.000952008,1.265311468,0.001152447
3.291118000,1.252024583,-0.000965046,1.260437073,0.001148008
3.311349000,1.245904917,-0.000980961,1.254344081,0.001142458
3.335214000,1.239463002,-0.000997825,1.248007369,0.001136687
3.359987000,1.234382001,-0.001011207,1.242970495,0.001132099
3.380962000,1.228144202,-0.001027759,1.236674402,0.001126209
3.401521000,1.224371206,-0.001037783,1.231678148,0.001122005
3.423042000,1.219426035,-0.001051018,1.226803754,0.001117297
3.446090000,1.213226506,-0.001067712,1.221441921,0.001112491
3.468519000,1.206833243,-0.001085045,1.215348928,0.001106864
3.489092000,1.201705413,-0.001099035,1.210068334,0.001102132
3.514004000,1.195400314,-0.001116348,1.203975342,0.001096582
3.539099000,1.189092259,-0.001133793,1.197638630,0.001090811
3.560632000,1.184114285,-0.001147645,1.191545637,0.001085261
3.584340000,1.177799479,-0.001165332,1.186265043,0.001080452
3.606363000,1.172777937,-0.001179489,1.181228169,0.001075864
3.630224000,1.166364484,-0.001197542,1.174728977,0.001069945
3.652445000,1.160198080,-0.001215343,1.168635985,0.001064395
3.677354000,1.153822923,-0.001233373,1.162157152,0.001002655
3.702065000,1.147527228,-0.001251061,1.155353310,0.000996944
3.726957000,1.142661337,-0.001264775,1.149950856,0.000992252
3.750145000,1.136208213,-0.001283127,1.144670262,0.000987790
3.773487000,1.130125654,-0.001300558,1.138333550,0.000982156
3.795885000,1.123623683,-0.001319340,1.132484277,0.000977180
3.820130000,1.118765265,-0.001333469,1.126147564,0.000971713
3.845123000,1.112466053,-0.001351922,1.120866970,0.000967156
3.869725000,1.106088145,-0.001370758,1.114773977,0.000961899
3.891014000,1.101119180,-0.001385536,1.109493383,0.000957342
3.915899000,1.094694308,-0.001404786,1.102994191,0.000951734
3.940082000,1.088302336,-0.001424100,1.096901198,0.000946477
3.964424000,1.082023516,-0.001443257,1.090645725,0.000941079
3.987225000,1.077000299,-0.001458676,1.085121412,0.000936313
4.008983000,1.070716871,-0.001478089,1.079272139,0.000931266
4.033723000,1.064541573,-0.001497350,1.073179146,0.000926008
4.055133000,1.058227572,-0.001517240,1.066842433,0.000920540
4.079266000,1.053003756,-0.001533775,1.061561839,0.000915984
4.100976000,1.048040420,-0.001549624,1.055875046,0.000911077
4.122347000,1.042913241,-0.001566113,1.050594452,0.000906521
4.142834000,1.036637779,-0.001586458,1.044501459,0.000901263
4.167938000,1.030373697,-0.001606947,1.038002267,0.000895655
4.188119000,1.025497066,-0.001623024,1.033777792,0.000892010
4.211249000,1.019053988,-0.001644440,1.027441079,0.000886542
4.234275000,1.013984927,-0.001661451,1.022160486,0.000881986
4.255003000,1.009143450,-0.001677775,1.016717412,0.000877289
4.279926000,1.001385636,-0.001704214,1.010624419,0.000872032
4.301469000,0.996474789,-0.001721104,1.004125227,0.000866424
4.321925000,0.992795568,-0.001733847,0.999657032,0.000862568
4.344775000,0.986310189,-0.001756477,0.994132718,0.000857802
4.368472000,0.980148590,-0.001778185,0.988445925,0.000852691
4.393305000,0.973676261,-0.001801209,0.982190452,0.000847497
4.414190000,0.968650724,-0.001819252,0.976666139,0.000842730
4.434735000,0.963565835,-0.001837646,0.971385545,0.000838174
4.457261000,0.957453465,-0.001859963,0.965536272,0.000833127
4.478367000,0.952245621,-0.001879145,0.959605759,0.000828010
4.502083000,0.947205034,-0.001897869,0.955137564,0.000824154
4.522450000,0.942208135,-0.001916580,0.949856970,0.000819598
4.544061000,0.937120671,-0.001935813,0.944170177,0.000814691
4.567886000,0.929539314,-0.001964711,0.938483383,0.000809784
4.589926000,0.924611732,-0.001983708,0.933202789,0.000805227
4.612652000,0.918154733,-0.002008840,0.926134918,0.000799129
4.633251000,0.913266137,-0.002028054,0.921423003,0.000795063
4.655414000,0.906972089,-0.002053048,0.914923811,0.000789455
4.679822000,0.901785340,-0.002073808,0.908830818,0.000784198
4.701836000,0.896928161,-0.002093443,0.904768823,0.000780693
4.722383000,0.891801783,-0.002114348,0.899731949,0.000776347
4.744617000,0.885384929,-0.002140785,0.893395236,0.000770879
4.768445000,0.879088348,-0.002167026,0.887708443,0.000765972
4.789732000,0.873975647,-0.002188554,0.882265369,0.000761275
4.813281000,0.867669572,-0.002215402,0.875522457,0.000755457
4.833712000,0.862679168,-0.002236831,0.870485583,0.000751111
4.855123000,0.856555690,-0.002263450,0.864392590,0.000745854
4.877872000,0.851307488,-0.002286466,0.858177737,0.000740536
4.901889000,0.846439501,-0.002308038,0.853303343,0.000736256
4.924412000,0.839976903,-0.002336992,0.848022749,0.000731678
4.945104000,0.834920943,-0.002360030,0.842539055,0.000726967
4.965370000,0.829869721,-0.002383137,0.837461561,0.000722587
4.986041000,0.825029264,-0.002405498,0.832302827,0.000718164
5.006611000,0.819700721,-0.002430357,0.827306573,0.000713885
5.031645000,0.813450582,-0.002459862,0.821335440,0.000708701
5.056473000,0.805887805,-0.002495990,0.814430048,0.000702743
5.079646000,0.799719928,-0.002511769,0.807890355,-0.000541321
5.100292000,0.795929135,-0.002518933,0.802447306,-0.000499420
5.124081000,0.789477550,-0.002531772,0.797044874,-0.000458049
5.147969000,0.783162959,-0.002545111,0.790870661,-0.000416451
5.168673000,0.778277435,-0.002555923,0.786280605,-0.000414154
5.189681000,0.773175291,-0.002567528,0.780796929,-0.000374131
5.211307000,0.766725315,-0.002582920,0.774500834,-0.000371122
5.235811000,0.761687757,-0.002595182,0.768489080,-0.000368234
5.260576000,0.754113260,-0.002613954,0.762924145,-0.000365606
5.284849000,0.749243529,-0.002626259,0.757643550,-0.000363079
5.309703000,0.742859918,-0.002642684,0.750941256,-0.000359885
5.330355000,0.737641828,-0.002656357,0.745538801,-0.000357388
5.355261000,0.730061520,-0.002676636,0.738470927,-0.000354000
5.377054000,0.725035518,-0.002690330,0.732052973,-0.000350861
5.397892000,0.719945210,-0.002704906,0.726691154,-0.000313518
5.418095000,0.714925226,-0.002719546,0.721573038,-0.000311310
5.438653000,0.709803169,-0.002734671,0.717084516,-0.000344996
5.459962000,0.704711092,-0.002749397,0.712230431,-0.000341421
5.483929000,0.698721206,-0.002767174,0.706503016,-0.000338707
5.505767000,0.693422972,-0.002783246,0.701323971,-0.000336122
5.527887000,0.687106926,-0.002802744,0.695230977,-0.000333187
5.550902000,0.682177525,-0.002818253,0.689950381,-0.000330694
5.575825000,0.674412717,-0.002843216,0.683227777,-0.000327518
5.597163000,0.669400695,-0.002859680,0.676728583,-0.000324403
5.619541000,0.664481334,-0.002876089,0.671854188,-0.000322066
5.641434000,0.658014554,-0.002898151,0.665761193,-0.000319145
5.664255000,0.652989735,-0.002915613,0.660074399,-0.000316419
5.688000000,0.648101940,-0.002932897,0.655606203,-0.000314277
5.709897000,0.642829474,-0.002951879,0.650488087,-0.000311824
5.729967000,0.636649148,-0.002974577,0.646669811,-0.000309993
5.751910000,0.631622475,-0.002993414,0.638545818,-0.000306099
5.776768000,0.623887027,-0.003023064,0.633021503,-0.000303451
5.798345000,0.618731224,-0.003043287,0.625709910,-0.000299946
5.818595000,0.613719302,-0.003063315,0.620266835,-0.000297337
5.838714000,0.608839165,-0.003083170,0.615798639,-0.000295195
5.859283000,0.603621044,-0.003104776,0.610518044,-0.000292663
5.883482000,0.597257646,-0.003131721,0.604831249,-0.000289937
5.904758000,0.592394821,-0.003152771,0.600363053,-0.000287795
5.924811000,0.587186094,-0.003175692,0.594838738,-0.000285147
5.949072000,0.580824892,-0.003204367,0.588583264,-0.000282149
5.972039000,0.574540224,-0.003233355,0.582490269,-0.000279228
5.996911000,0.568305545,-0.003262818,0.576397275,-0.000276307
6.018744000,0.563037640,-0.003288263,0.569654361,-0.000273075
6.042359000,0.557997435,-0.003313109,0.564779965,-0.000270738
6.064984000,0.551460495,-0.003345620,0.559336890,-0.000268129
6.089975000,0.545190428,-0.003337145,0.551774518,-0.002803549
6.112436000,0.539061143,-0.003312276,0.544787841,-0.002794029
6.136247000,0.532565572,-0.003285326,0.539385322,-0.002792379
6.156710000,0.527582256,-0.003264342,0.534429619,-0.002792403
6.177190000,0.522442327,-0.003242477,0.528417946,-0.002760956
6.199832000,0.517448424,-0.003221354,0.523665476,-0.002735999
6.224850000,0.511059498,-0.003193860,0.518466059,-0.002733983
6.246106000,0.506107514,-0.003172634,0.513307394,-0.002706819
6.269870000,0.499744165,-0.003145494,0.507417582,-0.002675640
6.292627000,0.493511416,-0.003119072,0.501527768,-0.002644564
6.316599000,0.487075365,-0.003091991,0.495231761,-0.002611348
6.337927000,0.482016223,-0.003070779,0.489057611,-0.002578854
6.358288000,0.476565178,-0.003048091,0.484345761,-0.002554007
6.378769000,0.471684005,-0.003027885,0.478090373,-0.002521022
6.399160000,0.466630607,-0.003007093,0.473784716,-0.002498318
6.420378000,0.461752505,-0.002987144,0.468747910,-0.002471758
6.441342000,0.455188781,-0.002960496,0.462817477,-0.002440486
6.462921000,0.451365183,-0.002945088,0.457943149,-0.002414784
6.486484000,0.444985703,-0.002919544,0.452256432,-0.002384797
6.506592000,0.439917787,-0.002899451,0.447382104,-0.002359094
6.529490000,0.433582121,-0.002874479,0.441126716,-0.002326109
6.550444000,0.428493252,-0.002854635,0.436008671,-0.002299121
6.575387000,0.422117039,-0.002830022,0.429915761,-0.002266992
6.599824000,0.415768424,-0.002805745,0.423822850,-0.002234864
6.622288000,0.409405638,-0.002781730,0.417323746,-0.002200593
6.645611000,0.404312593,-0.002762716,0.411230835,-0.002168465
6.669301000,0.397871362,-0.002738961,0.405787835,-0.002139763
6.692883000,0.391454465,-0.002715631,0.399288731,-0.002105493
6.713328000,0.386470510,-0.002697775,0.394170686,-0.002078505
6.737007000,0.380043851,-0.002675020,0.387509104,-0.002043377
6.761953000,0.374939902,-0.002657246,0.381416194,-0.002011249
6.783636000,0.368822248,-0.002636268,0.376135671,-0.001983404
6.806590000,0.363448138,-0.002618148,0.371423820,-0.001958558
6.828037000,0.357303245,-0.002597274,0.364924623,-0.001941781
6.850631000,0.351964085,-0.002579417,0.359481625,-0.001912818
6.875518000,0.345519709,-0.002558305,0.353144999,-0.001879101
6.897042000,0.339185248,-0.002538041,0.346645897,-0.001844519
6.921925000,0.332863066,-0.002518326,0.339984316,-0.001809072
6.946727000,0.327701989,-0.002502631,0.334053885,-0.001777516
6.971653000,0.320045052,-0.002480056,0.328367170,-0.001747257
6.995159000,0.314999620,-0.002465649,0.321705590,-0.001711810
7.019865000,0.308493718,-0.002447687,0.316181352,-0.001682416
7.041584000,0.303363867,-0.002434016,0.310900831,-0.001654318
7.064917000,0.296838755,-0.002417309,0.304401728,-0.001619736
7.085037000,0.291931736,-0.002405287,0.299364924,-0.001592935
7.107624000,0.285407535,-0.002390045,0.292865821,-0.001558353
7.129723000,0.280285089,-0.002378705,0.287991494,-0.001532416
7.151766000,0.273825949,-0.002365265,0.281492391,-0.001497834
7.175608000,0.267439199,-0.002352969,0.274993288,-0.001463252
7.197924000,0.262477570,-0.002344145,0.269062857,-0.001431696
7.219734000,0.257227469,-0.002335545,0.263822954,-0.001403970
7.240276000,0.251185732,-0.002327147,0.258623672,-0.001376364
7.263109000,0.245565391,-0.002319395,0.252652622,-0.001344355
7.287081000,0.240571448,-0.002307905,0.246516873,-0.001677920
7.311110000,0.234109127,-0.002282459,0.240870830,-0.001639227
7.335374000,0.227554447,-0.002258135,0.234453100,-0.001584316
7.355542000,0.000000000,0.000000000,0.229375793,-0.001539139
7.377311000,0.000000000,0.000000000,0.072586382,-0.000466758
7.402044000,0.000000000,0.000000000,0.021000213,-0.000114532
7.425039000,0.000000000,0.000000000,0.009017549,-0.000039262
7.445685000,0.000000000,0.000000000,0.005239938,-0.000020255
7.469529000,0.000000000,0.000000000,0.002843380,-0.000010117
7.489926000,0.000000000,0.000000000,0.001584170,-0.000005364
7.510015000,0.000000000,0.000000000,0.000974874,-0.000003255
7.532586000,0.000000000,0.000000000,0.000487437,-0.000001542
7.554463000,0.000000000,0.000000000,0.000284338,-0.000000886
7.576788000,0.000000000,0.000000000,0.000081240,-0.000000253
7.596836000,0.000000000,0.000000000,0.000081240,-0.000000249
7.619116000,0.000000000,0.000000000,0.000081240,-0.000000249
7.642390000,0.000000000,0.000000000,0.000000000,0.000000000
